1,Malvani Touch,Powai, Seafood Malwani,194; Galleria Shopping Centre; Hiranandani Gardens; Powai; Mumbai,500,Hiranandani Garden,4.1,50000
2,Pizza Hut,Powai, Pizzas,Store Adress:  G3 ground floor; Delphi; Orchard avenue; Hiranandani gardens Powai - 400076,300,Delphi,3.6,30000
3,Powai Darbar,Powai, Indian;Chinese;Mughlai;Biryani,Powai Darbar; 76/1 Bhavani Industrial Estate OPP IIT Powai Mumbai 400076,300,Bhavani Industrial Estate,3.8,30000
4,Dabba Garam (Homely Meals & More),Powai, Home Food;North Indian;Thalis,Shop No. 21; Lakebloom Co-Op HSG Society Ltd. L&T gate No. 7; behind Solaris IND. Saki Vihar Road Pawai Mumbai; GreaterMumbai; Maharastra 400078,150,Marol Sakinaka,4.4,15000
5,Punjabi Tadka by Crystal 'Chowpatty Fame',Powai, North Indian;Tandoor;Biryani;Desserts;Beverages,Shop no. 3; Ekta Nagar; opp. IIT Market Gate; Powai; Mumbai - 76,250,IIT Market Gate,3.9,25000
6,Hitchki,Powai Area, North Indian;Chinese;Continental;Desserts;Beverages,G5; Transocean House; Business Park; Near Fab India; Hiranandani Gardens; Powai; Mumbai; Maharashtra 400076,600,Hiranandani Gardens,4.2,60000
7,R Bhagat Tarrachand,Powai, North Indian;Mughlai;South Indian;Biryani;Home Food;Kebabs;Punjabi;Sindhi;Street Food,B9;1st floor;Narayan Plaza;Chandivali Farm Road;Near Boomerang;Powai 400072,300,Narayan Plaza,4.1,30000
8,Brijwasi Sweets Original Since 1946,Powai, Street Food;Desserts,Inside Haiko Supermarket; Central Avenue; Hiranandani Gardens; Powai,150,Hiranandani Garden,4.4,15000
9,Poetry By Love & Cheesecake,Powai, Desserts;Bakery,G5; City Park; Hiranandani Gardens; Powai; Mumbai 400076,800,Powai Area,4.4,80000
10,Mia Cucina,Powai Area, Italian,G3 Transocean; Hiranandani Business Park; Lake Boulevard Road; Powai; Mumbai; Maharashtra 400076,2000,Hiranandani Business Park,4.3,200000
11,Kwality Walls Frozen Dessert and Ice Cream Shop,Powai, Desserts;Ice Cream;Ice Cream Cakes,Shop no. 04; Ground Floor; Maruti Darshan Building; Near Petrol Pump; JVLR; Opp IIT Main gate; Powai; Mumbai - 400076; Maharashtra.,100,Central Avenue Road,4.7,10000
12,KFC,Powai, American;Snacks;Biryani,Ground Floor; Haiko Mall; Hiranandani Gardens; Powai; Mumbai,400,Haiko Mall,4.1,40000
13,K3 Snacks & Sweets,Powai, Street Food;Chinese;Snacks;Desserts,Shop No 8;Ventura Shopping;Hiranandani garden; Powai;Mumbai-400072,400,Ventura Shopping,4.1,40000
14,Natural Ice Cream,Powai, Desserts,EDEN 2;SHOP NO 12; HIRANANDANI GARDENS;POWAI;MUMBAI=400076.,150,Ranandani Gardens,4.7,15000
15,Wow! Momo,Powai, Tibetan;Healthy Food;Asian;Chinese;Snacks;Continental;Desserts;Beverages,Shop No.7; Ground Floor ; Daffodils Society;  Central Avenue Road; Hiranandani Garden; Powai,300,Hiranandani,4.1,30000
16,Eagle Boys Pizza,Powai, Pizzas;Fast Food,Shop no - 5; ground floor; building no - 1; wing B;  Powai Vihar Complex; A. S marg; Powai,600,Chandivali,3.6,60000
17,Kosho,Powai, Mughlai;North Indian;Chinese;Seafood;Italian,F3; Nahar Shopping Complex; Nahar Amrit Shakti; Chandivali; Powai,300,Chandivali,4,30000
18,New Shiv Sagar Veg Fast Food Sweet Corner,Powai, North Indian;South Indian;Chinese,4; Building 1B; Powai Vihar Complex; Adi Shankarachary Marg; Powai; Mumbai,650,Adi Shankarachary Marg,3.3,65000
19,Mantra Dinning Bar,Powai, Indian;Chinese;Desserts,Shop no 1-16; Ground Floor; Powai Plaza; Powai - 400076,800,Powai Plaza,4.4,80000
20,Oh! Calcutta,Powai Area, Indian,Gala 7 & 8; Building 41; National House; Chandiwali Junction; Saki Vihar Road; Powai; Mumbai,800,Powai Area,4.3,80000
21,Utsav Cuisine,Powai, Indian,Municipal market building; opp hiranandani School;; hiranandani gardens; powai-400076,500,Municipal Market Building,4.3,50000
22,Cafe Coffee Day,Powai lake, Beverages;Snacks;Desserts,Powai lake; 3 & 4 Ground floor; jeel darshan Opp Powai lake; Powai; Mumbai,300,Paradise Buliding,4.3,30000
23,NIC Natural Ice Creams,Powai, Ice Cream;Desserts,Nic natural ice creams; Shop No. A-1/1; Sarvodaya Society; Gokhale Nagar; near Harnek Motors;opp Old BMC school. IIT Main Gate; Powai; Mumbai 400078.,120,Sarvodaya Society,4.6,12000
24,temptationz cakes & more,Marol Sakinaka, Desserts;Bakery,Temptationz cake ; mustafa market ; opp rehmani hotel ; near nahar amrit gate ; Kherani road ; sakinaka ; andheri east; Greater Mumbai Ward-K/E; Greater Mumbai; ; Maharashtra; 400072,500,Kherani Road,3.6,50000
25,Chettinad Tiffun,Powai, South Indian;Chettinad;Thalis;Biryani;Indian;Fast Food;Desserts;Beverages;Cafe,Shop No 3; Building; No 11; MHADA Dulex; Rambaug; Chandivali; Powai; Mumbai 400076,400,Rambaug,4.1,40000
26,Shaolin (Since 2001),Powai, Indian;Chinese,192-193; 1st Floor; Galleria Shopping Centre; Hiranandani Gardens; Powai; Mumbai,500,Hiranandani Gardens,4.1,50000
27,Pawri Kitchen,Powai, Indian;Continental;Pastas,Pawri Kitchen; Unit 5; A wing ; Ground Floor; Shiv Om Apartments; Chandivali Rd; near ICICI Bank; Yadav Nagar; Chandivali; Powai; Mumbai; Maharashtra 400072; India,400,Shiv Om Apartments,4.3,40000
28,Cheelizza - India Ka Pizza,Marol Sakinaka, Pizzas;Italian;Desserts;Beverages,Ground Floor; Gala No. 1; Kothari Compound; J. M. Marg; Khairani Baug; Near Vajan Kata; Sakinaka; Andheri East; Mumbai; Maharashtra 400072,500,Sakinaka,4.2,50000
29,Behrouz Biryani,Chandivali, Biryani;Mughlai;Lucknowi;Hyderabadi;Kebabs;North Indian;Persian;Desserts,Plot No. 1; CTC 46/1; Ground Floor; Behind Chandivali Ice Factory; Chandivali; Andheri East; Mumbai; Maharashtra 400072,500,Behind Chandivali Ice Factory,4.2,50000
30,Chinese Wok,Powai, Chinese;Asian;Tibetan;Desserts,Wok Express; Unit G-25; Ground Floor; Chandivali Narayan Plaza Premises; Co. Operative Society Limited; 26A; Narayan Plaza; Opposite Saki Vihar Road; Saki Naka; Andheri East; Mumbai,250,Narayan Plaza,3.9,25000
31,Starbucks Coffee,Powai, Beverages;Ice Cream,Ground Floor ; Prudential Building ; Central Avenue Road ; Powai ; Mumbai 400076,400,Central Avenue Road,4.3,40000
32,Dum & Curry,Powai, Chinese;Indian;Desserts,Shop No. 45; Prathmesh Galaxy; Opp Vijay Vihar; Powai; Mumbai,700,Opp Vijay Vihar,4.5,70000
33,JOSHH - India Ka Apna Taste,Hiranandani Gardens, Indian;North Indian;South Indian;Thalis;Ice Cream;Snacks;Street Food;Chaat;Desserts,135-138 A; 1st Floor; Galleria Shopping Mall; Central Ave; Hiranandani Gardens; Powai; Mumbai; Maharashtra 400076,200,Powai,4.3,20000
34,1441 Pizzeria,Powai, Italian,Shop No. 41; Ground Floor; Prathamesh Galaxy;; Opp. Vijay Vihar Building; Powai; Mumbai; Mumbai; Maharashtra 400076,500,Prathamesh Galaxy,4,50000
35,Thambbi,Powai, South Indian;Punjabi;Snacks;Thalis,D'souza Compound; Oberoi Garden Esate; Chandivali Farm Road; Yadav Nagar; Chandivali; Powai; Mumbai,400,Opposite Oberoi Garden Estate,4.2,40000
36,Rasobongo Powai ( Authentic Bengali Sweets ) ,Powai, Bengali;Sweets;Snacks,Shop no 44; Prathmesh Galaxy; opp Vijay Vihar; Next to Dum n Curry. Powai; Mumbai 76    400076,150,Opp Vijay Vihar,4.3,15000
37,Keventers Ice Cream,Powai, Ice Cream;Desserts,Shop 7; Daffodil B Wing; Central Avenue Road;Hiranandani Gardens; Powai; Mumbai,200,Central Avenue Road,4.5,20000
38,Elementaria Bakery & Cafe,Powai, Desserts;Bakery,Shop 8; Daffodil C.H.S.L. Old Market. Powai; Mumbai,800,Powai Area,4.5,80000
39,Laxmi Next,Powai, Chaat;Chinese;Indian;Tandoor,Ground Floor No1;2; Exclusive Apartment; Jogeshwari - Vikhroli Link Rd; Powai; Mumbai; Maharashtra 400076,250,Exclusive Apartment,4.3,25000
40,Maiz Mexican Kitchen,Powai Road, Mexican,Maiz Mexican Kitchen; Shop No.21; Powai Plaza; Powai,700,Powai Area,4.4,70000
41,Big Bowl Company,Powai, North Indian;Chinese;Tibetan;Desserts,Unit G-25; Ground Floor; Chandivali Narayan Plaza Premises; Co. Operative Society Limited; 26A; Narayan Plaza; Opposite Saki Vihar Road; Saki Naka; Andheri East; Mumbai,300,Saki Vihar Road,3.7,30000
42,Keventers - Milkshakes and Desserts,Powai, Beverages;Ice Cream;Desserts,SHOP NO-06;GROUND FLOOR;BWING;DAFFODIL C.H.S. LTD.;A.S.ROAD;HIRANANDANI GARDENS;POWAI;MUMBAI-400076; Greater Mumbai Ward-S; Greater Mumbai; Maharashtra-400076,300,Bwing,4.1,30000
43,The J,Powai, Fast Food,The J; Shop No 4; Eden2; Old Eden Market; Central Avenue,320,Hiranandani Gardens,4.4,32000
44,Baskin Robbins,Powai, Desserts;Ice Cream,Shop No. 7; Lok Milan Co-Op Society; Next to ICICI Bank; Nahar Amrut Shakti Complex; Chandivali,250,chandivali,4.4,25000
45,China Valley,Powai, Chinese;Oriental;Thai;Asian;Seafood,Kopari Village; Diagonally Hiranandani Foundation School; Powai; Mumbai,1100,Powai Area,4.5,110000
46,Daffodil,Powai, Tandoor;Chinese;Indian;Kebabs;Biryani,Shop no 14; Prathmesh galaxy; opp vijay vihar building; Powai; Mumbai.,300,Prathmesh Galaxy,4.3,30000
47,Eva's Pizza,Powai, Pizzas;Italian;Salads,E -46 Kailash Industrial Complex; Hiranandani Parksite Road; Vikhroli West ; Mumbai- 400079,500,Vikhroli West,3.9,50000
48,Natural Ice Cream,Powai, Desserts,EDEN 2;SHOP NO 12; HIRANANDANI GARDENS;POWAI;MUMBAI=400076.,150,Ranandani Gardens,4.7,15000
49,LunchBox - Meals and Thalis,Chandivali, North Indian;Punjabi;Biryani;Healthy Food;Jain;Thalis;Indian;Mughlai;Desserts,Plot No. 1; CTC 46/1; Ground Floor; Behind Chandivali Ice Factory; Chandivali; Andheri East; Mumbai; Maharashtra 400072,200,Behind Chandivali Ice Factory,4,20000
50,Sweet Bengal,Powai, Sweets;Indian;Snacks;Desserts,Shop 126; Galleria Shopping Mall; Hiranandani Gardens; Powai; Mumbai 400076,150,Hiranandani Gardens,4.4,15000
51,Mirchi And Mime,Powai, Indian,Mirchi & Mime; Ground Floor; Unit No. G-6; Transocean House; Hiranandani Business Park; Powai; Mumbai - 400076,1600,Powai Area,4.4,160000
52,BRUFFLES-waffle from brussels,Powai, Bakery,Shop No. 9; Ground Floor; B Wing; Housing Ltd; Daffodil; A S Marg; Hiranandani Gardens; Powai; Mumbai; Maharashtra 400076; India,200,Hiranandnai,4.6,20000
53,The Greedyman Pizzeria,Powai, Pizzas;Italian;Fast Food;Beverages,A/GR/05; WING A; PRATHMESH GALAXY; NEXT TO CUSTOM COLONY; OPP POWAI LAKE; POWAI - 400076; Greater Mumbai Ward-S; Greater Mumbai; Maharashtra-400076,800,Prathmesh Galaxy,4.3,80000
54,Haagen-Dazs,Powai, Desserts,Ground Floor; City Park; Hiranandani Gardens; Powai; Mumbai,400,City Park,4.6,40000
55,Madeira & Mime,Powai, Indian;Italian;Asian,Madeira and Mime; G2 Transocean House; Lake Boulevard; Hiranandani Business Park; Powai; Greater Mumbai - 400076,1000,Powai Area,4.3,100000
56,Nothing But Chicken,Powai, Salads;Fast Food,Shop no. 10; Eden II Central Ave; Hiranandani Gardens; Powai; Mumbai; Maharashtra 400076,400,Eden Ii Central Ave,4.3,40000
57,BOX8 - Desi Meals,Powai, North Indian;Biryani;Fast Food;Desserts,G-17; 26A; Narayan Plaza; beside boomerang; chandivali,250,Chandivali,4.2,25000
58,Gaurav Sweets and Namkeen,Powai, Snacks;Sweets;Chaat,Gaurav Sweets and Namkeen; Nahar Amrit Shakti; MHADA Colony; Chandivali; Powai; Mumbai; Maharashtra; India,200,Mhada Colony,4.3,20000
59,Mad Over Donuts,Powai, Desserts;Sweets;Bakery,G 9; Ground Floor; City Park; Hiranandani Business Park; Powai,200,Hiranandani Business Park,4.4,20000
60,Mad Over Donuts,Powai, Desserts;Sweets;Bakery,G 9; Ground Floor; City Park; Hiranandani Business Park; Powai,200,Hiranandani Business Park,4.4,20000
61,Flavor Matrix,Powai, Indian;Kebabs;Biryani;Punjabi;Bengali;Seafood;Combo,Flavor Matrix; Shop No. GL 152; 1st Floor; Galleria Co-Op Premises Society Ltd; Central Avenue; Hiranandani Gardens; Powai,400,Hiranandani Gardens,4.4,40000
62,Home Plate by EatFit,Powai, North Indian;Home Food;Healthy Food;Indian;Punjabi;South Indian;Rajasthani;Maharashtrian;Snacks;Desserts;Beverages,Unit No 7; Building No 2; A Wing; Ground Floor; Wooden Boxes Manufacturers Co-Op Industrial Estate Ltd.; Kailash Industrial Complex; Veer Sawarkar Marg; Park Site; Vikhroli West; Mumbai; Greater Mumba,160,Veer Sawarkar Marg,4.1,16000
63,Zesty Kitchen,Powai, Indian;Seafood;Mangalorean;Thalis;Biryani;North Indian;South Indian;Bengali;Malwani,zesty kitchen; Gala No. 2; Aslam Compound; Shree Nagar; Opposite Micro Labs; Chandivali; Mumbai - 400072,500,Chandivali,3.9,50000
64,Meraki,Powai, Chinese,Shop No.01; Tulsi Kunj; Mukhteswar Road; Opp Nitya Bldg; IIT Market; Powai; Mumbai. 400076,500,Tulsi Kunj,4.2,50000
65,Loco For Cocoa,Powai, Bakery;Desserts,B-wing;Birchwood;next to KFC;Hiranandani Gardens,400,Galleria,4.7,40000
66,Curry Crust Pizzeria,Powai, Italian;Pizzas;Fast Food;Desserts,125; Galleria Shopping Centre; Main St; Hiranandani Gardens; Panchkutir Ganesh Nagar; Powai; Mumbai; Maharashtra 400076; India,500,Hiranandani Gardens,4.6,50000
67,Sbarro - New York Pizza,Vikhroli West, Italian;Pizzas;Desserts;Beverages,Sbarro; Kailash Industrial; Complex Park Site Road; Hmpl Surya Nagar; Vikhroli; Mumbai,500,Park Site Road,4,50000
68,Wraps and Rolls,Powai, Fast Food;Healthy Food,B 16 KAILAS INDL COMPLEX VEER SAVARKAR ROAD POWAI VIKHROLI ROAD VIKHROLI WEST MUMBAI 400079 Greater Mumbai Maharashtra 400079,250,Vikhroli Road,4.2,25000
69,The Bowl Project,Powai, Oriental;Italian-American;Indian;Asian,Gala No B 16; Kohinoor Premises Co Op Society Ltd; Aslam Compound; Sakinaka; Chandivali; Mumbai 400072,650,Aslam Compound,4.1,65000
70,House of Momo,Powai, Asian;Chinese,B-16; Kailas Indl. Complex; Veer Savarkar Road; Powai Vikhroli Road; Vikhroli West; Mumbai - 400079; Greater Mumbai; Maharashtra-400079,200,Veer Savarkar Road,4.2,20000
71,Little Italy,Marol Sakinaka, Italian,Budhia Jadhav Wadi; LXC-B1/1 Jaihind Association; Saki Vihar Rd; opp. Nirali Hospital;Opposite Powaai Lunch Home Mumbai; Maharashtra 400072,850,Saki Vihar Rd,3.8,85000
72,Diet Experts,Powai, Salads;Healthy Food,Shop number 2/2; Shrikrishna Niwas; 1st Floor; Near Powai Polyclinic; opp. IIT Maingate; Powai; Mumbai 400076,400,Iit Maingate Road,4.1,40000
73,Papacream,Powai, Ice Cream;Desserts,SHOP NO-LXC-B1/1; JAI HIND  ASSO;BUDHIA JADHAV WADI;SAKIVIHAR  ROAD; OPPOSIT L & T GATE NO.7 POWAI;  Tunge Gaon; Greater Mumbai Ward-L;  Greater Mumbai; Maharashtra - 400072,350,Marol Sakinaka,4.5,35000
74,RushHrs,Marol Sakinaka, American;Snacks;Beverages,K1; Jai Hind Asso; Budhia Jadhav Wadi ; Sakivihar Road ; ; Greater Mumbai Ward-L; Greater Mumbai; ; Maharashtra; 400072,300,Budhia Jadhav Wadi,4,30000
75,Cafe Shalimar,Powai, North Indian;Biryani;Desserts;Beverages,GALA NO 5A; BISMILLAH HOTEL; STANNEY COMPOUND; NR S J STUDIO; KHERANI ROAD; SAKINAKA ; Sakinaka ; Greater Mumbai Ward-L; Greater Mumbai; Maharashtra-400072,500,Nr S J Studio,3.2,50000
76,Rolls & Bowls Company,Andheri East, Indian;North Indian;Chinese,Unit No. G-25; Ground Floor; Chandivali Narayan Plaza Premises Co. Operative Society Limited; 26A; Narayan Plaza; Opp. Saki Vihar Road; Saki Naka; Andheri East; Mumbai 400072,250,Saki Vihar Road,4.2,25000
77,Schezwan King,Powai, Chinese;North Indian,GALA NO.13; AZMI COMPOUND;opp REHMANIYA MASJID; BEHIND CHANDIVALI POLICE STATION;KHERANI ROAD SAKINAKA ; MUMBAI- 400072,400,Behind Chandivali Police Station,3.7,40000
78,DUPAR BAANGLAA,Powai, Chinese;Bengali,SHOP-19; GROUNG FLOOR; POWAI PLAZA;Central Ave; Hiranandani Gardens; Sainath Nagar; Powai; Mumbai; Maharashtra 400076; India,300,Powai,4.7,30000
79,Jaspal Di Bhatti,Powai, North Indian;Indian;Tandoor,B/16; GROUND FLOOR; KAILASH IND. COMPLEX; Jogeshwari - Vikhroli Link Rd; Powai; Mumbai; Maharashtra 400072,400,Vikhroli Link Rd,4,40000
80,Beeji Ki Rasoi,Powai, North Indian;Indian,B/16; GROUND FLOOR; KAILASH IND. COMPLEX; Jogeshwari - Vikhroli Link Rd; Powai; Mumbai; Maharashtra 400072,400,Jogeshwari,4.2,40000
81,Kerala Junction,Powai, Kerala;South Indian;Biryani;Seafood,Shopno 6 Tulsi Kunj Mukteshwar Ashram Rd Powai Mumbai Maharashtra 400076,600,Tulsi Kunj Mukteshwar Ashram Rd,4,60000
82,Go Biryan,Powai, Biryani;North Indian;Mughlai;Tandoor;Kebabs;Desserts,Room No. 1; Radhabai Chawl; Adi. Shankaracharya Marg; Near IIT Powai; Andheri East; Mumbai; Greater Mumbai; Maharashtra-400076,400,Adi Shankaracharya Marg,3.8,40000
83,Sufi Darbar Restaurant,Powai, Chinese;Mughlai,GALA NO 2; D P K COMPOUND; NEAR LUCK HOTEL;   KHERANI ROAD; SAKINAKA MUMBAI 400072;GREATER   MUMBAI WARD-L;GREATER MUMBAI;MAHARASHTRA-400072,300,Marol Sakinaka,4.3,30000
84,The Bengal Club,Powai, Bengali;Biryani;Street Food,Shop no 2; Sumati Niwash; satam house; tirandaz village; opposite ; IIT; main gate; near shivsena  office; powai; mumbai; 400076,300,Satam House,3.7,30000
85,Bunbuoy burgers,Hiranandani Gardens, Snacks;Biryani;Beverages;American,shop No.1/1; HAKONE GAMING ZONE; OPP. HIRANANDANI ;POWAI ;MUMBAI 400076; POWAI LAKE; GREATER MUMBAI WARD-S;GREATER MUMBAI; MAHARASHTRA-400076,500,Opp Hiranandani,4.4,50000
86,Medha Malvan,Powai, Malwani;Maharashtrian,Medha Malvan; ;Gala No. 2; Aslam Compound; Shree Nagar; Opposite Micro Labs; Chandivali; Mumbai - 400072,500,Shree Nagar,2.9,50000
87,Great Indian Meals,Powai, Mangalorean;North Indian;South Indian;Malwani,zesty kitchen; Gala No. 2; Usmania Compound; Shree Nagar; Opposite Micro Labs; Chandivali; Mumbai - 400072; Maharashtra,300,Shree Nagar,3.2,30000
88,Ranjana's Rannaghor - The Bengali Kitchen,Powai, Bengali;North Indian;Biryani;Mughlai;Indian;Desserts;Seafood;Snacks;Beverages;Tandoor;Kebabs;Afghani;Thalis;Barbecue,gala number-3A;Stanny compound;behind bismillah hotel;khairani;Sakinaka;400072,300,stanny compound,4,30000
89,Apna Food Court,Powai, Chinese;Continental,C wing 103; first floor; Kailash industrial complex; above thambi restaurant; Vikhroli west,450,Kailash Industrial Complex,5,45000
90,Senoritas Mexican kitchen by Little Italy,Powai, Mexican;Salads;Combo;Snacks;Healthy Food,Budhia Jadhav Wadi; LXC-B1/1 Jaihind Association; Saki Vihar Rd; opp. Nirali Hospital;Opposite Powaai Lunch Home Mumbai; Maharashtra 400072,500,Saki Vihar Rd,4.3,50000
91,East Pan Asian,Powai, Pan-Asian;Chinese;Continental,B 16 KAILAS INDL COMPLEX VEER SAVARKAR ROAD POWAI VIKHROLI ROAD VIKHROLI WEST MUMBAI 400079 Greater Mumbai Maharashtra 400079,500,Savarkar Road,3.1,50000
92,Huber & Holly,Powai, Desserts;Ice Cream,B-16; KAILAS INDL. COMPLEX; VEER SAVARKAR ROAD; POWAI VIKHROLI ROAD; VIKHROLI WEST; MUMBAI - 400079,200,Veer Savarkar Road,4.1,20000
93,Curry Culture,Powai, Biryani;North Indian;Kebabs;Chinese;Seafood;Asian;Thai;Mughlai;Indian;Desserts;Tandoor,Shop no 3 opp Mukteshwar Ashram; on Mukteshwar AshramRd ; Tirandaz; Vikhroli West; Mumbai; Maharashtra 400076,350,Tirandaz,4.3,35000
94,Buddha Belly,Powai, Chinese,Gala No. 3A; Stanny compound; near SJ Studios; Kherani Road; Sakinaka; Andheri East; Mumbai  -  400072,300,Near Sj Studios,4.3,30000
95,Louis Burger,Powai, American,LOUIS POWAI  Kitchen plus  C111/112 Kailash Vaibhav industrial complex; Vikhroli; Mumbai; Maharashtra; 400079,600,Vikhroli,4.4,60000
96,Tude Premium Ice Creams,Powai, Ice Cream;Desserts,49AA; Ground Floor; Kailas Industrial Complex; Veer Savarkar Marg; Park Site; Vikhroli West Mumbai-400079,250,Veer Savarkar Marg,4.8,25000
97,Cake Walk 72,Marol Sakinaka, Desserts,Shop no 3; Raje Shivaji Nagar; Opp Shanti Smirti Chs; Opp L&T Gate no 7; Kurla West; 400072,300,Near Boomerang,3.9,30000
98,Pomona Cafe,Powai, Italian-American;European;Continental,121; 1st Floor; Powai Plaza; Near Hiranandani Gardens; Powai; Mumbai 400076,500,Hiranandani Gardens,3.9,50000
99,FoodPost,Marol Sakinaka, Chinese;Indian,Plot No 38; Shop no 7 Jalaram Commercial center Sakivihar road Sakinaka Mumbai ,300,Andheri East,4.2,30000
100,Good Flippin' Burgers,Powai, Burgers;Fast Food;American,Unit C 111; 112; Kitchen 7; 1st Floor; Building 1; Kailash Industrial Complex; Park Side; Surya Nagar; Vikhroli; Mumbai,600,Park Side,4.5,60000
101,SLYCE,Powai, Italian;Pizzas,C- 111 & C-112; FIRST FLOOR OF BLDG NO.1; KAILASH INDUSTRIAL COMPLEX PARK SIDE ROAD ; HMPL SURYA NAGAR; VIKROLI WEST;; Greater Mumbai Ward-N; Greater Mumbai; Maharashtra-400079,600,Surya Nagar,4.3,60000
102,CakeZone,Powai, Desserts;Bakery,Unit No 007 Kailash Industrial Estate A Wing Bldg No 2 Park Site Near Veer Savarkar Marg Vikhroli West; Greater Mumbai Ward-N; Greater Mumbai; Maharashtra; 400079,200,Near Veer Savarkar Marg,4.3,20000
103,Sweetish House Mafia,Sakinaka, Desserts,Ground Floor; Gala No. 1; Kothari Compound; J. M Marg; Khairani Baug; Vajan Kata; Sakinaka; Andheri East; Mumbai; Maharashtra 400072,250,Sakinaka,4.3,25000
104,NOTO - Healthy Ice Cream,Powai, Ice Cream;Healthy Food,Room no 1 Sainath Nagar IIT M gate sai baba temple A S Marg Powai near Municipal school powai ;greater mumbai Ward S greater Mumbai ; Maharashtra 400076,300,Powai Area,4.4,30000
105,The Quick Bites,Powai, Fast Food;Italian,Shop No.12. Opp. Bldg. No. 3/4 Main Road; Road; Sangharsh Nagar; Chandivali; Andheri East; Mumbai; Maharashtra 400072,200,Sangharsh Nagar,4.8,20000
106,Malini's Health Kitchen,Vikhroli West, South Indian;Healthy Food,Kailas Vaibhav Complex; Gala No AA/55; AA Wing; Ground Floor; Kailas Industrial Complex; Vikhroli West; Mumbai 400079,250,Kailash Industrial Complex,4.3,25000
107,The Belgian Waffle Co.,Greater Mumbai, Waffle;Desserts;Ice Cream;Beverages,SHOP NO 1; GROUND FLOOR; SOLOMON CHS LTD; G L COMPOUND; POWAI; MUMBAI ; Greater Mumbai Ward-S; Greater Mumbai; Maharashtra; 400076,200,POWAI,4.5,20000
108,Southern Breakfast,Sakinaka, Snacks;Healthy Food;South Indian;Beverages,Gala no. A8; Usmaniya Compound; Aslam Compound; Shree Nagar; Opp. Micro Labs; Saki Vihar Road; Sakinaka; Andheri East; Mumbai - 400072,140,Saki Vihar Road,3.8,14000
109,The Belgian Waffle Co.,Greater Mumbai, Waffle;Desserts;Ice Cream;Beverages,SHOP NO 1; GROUND FLOOR; SOLOMON CHS LTD; G L COMPOUND; POWAI; MUMBAI ; Greater Mumbai Ward-S; Greater Mumbai; Maharashtra; 400076,200,POWAI,4.5,20000
110,Southern Breakfast,Sakinaka, Snacks;Healthy Food;South Indian;Beverages,Gala no. A8; Usmaniya Compound; Aslam Compound; Shree Nagar; Opp. Micro Labs; Saki Vihar Road; Sakinaka; Andheri East; Mumbai - 400072,140,Saki Vihar Road,3.8,14000
111,Oriental Majik,Powai, Chinese;Asian,15/A; Situated at Liberty Industrial Estate; Saki Vihar Road; Opp. Micro Lab; Chandivali; Powai; Mumbai - 400072,250,Chandivali,4.3,25000
112,Pink Panther- Chandivali,Powai, Asian;Burmese;Chinese;Sushi;Japanese,15/A; Situated at Liberty Industrial Estate; Saki Vihar Road; Opp. Micro Lab; Chandivali; Powai; Mumbai - 400072,350,Saki Vihar Road,3.8,35000
113,UTTAR DA PUTTAR,Powai, Biryani;North Indian,Laskauz India Pvt Ltd; GALA NO. 2; USMANIA COMPOUND;SHREE NAGAR; SAKINAKA; MUMBAI,500,Shree Nagar,3.3,50000
114,Delhi Desi Chinese ,Powai, North Indian;Indian;Punjabi;Kebabs;Tandoor;Home Food;Biryani;Chinese;Tibetan;Asian;Mughlai,Shop No. 3; Pammi Niwas; IIT Market; Powai; Mumbai - 400074 Landmark: Near Powai Hospital,400,Near Powai Hospital,3.6,40000
115,Forks and Spoons (Gourmet Chinese & Thai),Powai, Chinese;Thai;Pan-Asian;Oriental;Beverages;Desserts,Gala No. 3A; Stanny compound; near SJ Studios; Kherani Road; Sakinaka; Andheri East; Mumbai,300,Andheri East,4.2,30000
116,CAFE HEAVEN,Powai, Indian;Chinese;Tandoor;Biryani,"COMPOUND; NR S J STUDIO; KHERANI ROAD; SAKINAKA""40007",300,Kherani Road,3.5,30000
117,Goila Butter Chicken,Powai, Indian,Cloudchef Pvt Ltd D21 Kailash Vaibhav; inside kailash industrial estate; park site road; Vikhroli,600,Kailash Industrial Estate,4.2,60000
118,Chennai Express - The Food Wagon,Vikhroli West, South Indian,Gala No AA/55; AA Wing; Ground Floor; Kailas Industrial Complex; Vikhroli West; Mumbai 400079,350,Chandivali,4.1,35000
119,Charcoal Eats - Biryani & Beyond,Powai, Biryani;North Indian;Mughlai;Afghani;Hyderabadi;Kebabs,SHOP NO-43;E WING;KAILASH INDUSTRIAL ESTATE;OFF LBS MARG;VIKROLI WEST; Greater Mumbai Ward-S; Greater Mumbai; Maharashtra; 400086,499,Kailash Industrial Estate,4.2,49900
120,Chakh Le Lucknow,Powai, North Indian;Lucknowi;Biryani;Kebabs;Mughlai,Brahmaputra building; third floor; flat 405; BSNL staff Quarters; beside IOCL petrol pump; Powai.,500,Bsnl Staff Quarters,3.4,50000
121,Only Roti's,Andheri East, Indian;Desserts, A-11 Ajim Manzil Pream Nagar Sakivihar road Near Ruchi hotel & ICICI Bank Powai,250,Pream Nagar Sakivihar road,4.3,25000
122,kings shawarma,Powai, Lebanese,shop no 2 Maruthi Darshan apartment next iit petrol pump near kotak mahindra Atm next to geeta fast food,200,Next Iit Petrol Pump,1.9,20000
123,HOUSE OF BURGERS,Powai, American;Fast Food,shop no 2 Maruthi Darshan apartment next iit petrol pump near kotak mahindra Atm next to geeta fast foodshop no 2 Maruthi Darshan apartment next iit petrol pump near kotak mahindra Atm next to geeta f,200,Near Kotak Mahindra Atm,2.5,20000
124,Hungry Head,Powai, Chinese;Italian,Kiosk No 1;Hakone ;Central Avenue ;Next to Powai Plaza;Hiranandani Gardens;Powai,400,Hiranandani Gardens,4.2,40000
125,Breakfast Bistro,Powai, American;European;Continental,121; 1st Floor; Powai Plaza; Near Hiranandani Gardens; Powai; Mumbai 400076,500,Powai Plaza,4.3,50000
126,Hunger Point,Vikhroli West, North Indian,Shop No 2 Maruthi Darshan Apartment next iit petrol pump near kotak mahindra Atm next to geeta fast food,350,Powai,3.5,35000
127,The mother's touch Rajasthani,Andheri East, Indian;Rajasthani,A-11 Ajim Manzil Pream Nagar Sakivihar road Near Ruchi hotel & ICICI Bank Powai,200,Pream Nagar Sakivihar road,3.2,20000
128,Mother's Touch Gujrati,Marol Sakinaka, Indian,A-11 AJMIN MANZIL; PREAM NAGAR; SAKIVIHAR RD; POWAI MUMBAI,200,Near Central,3.9,20000
129,Hotel Classic,Powai, Indian;Chinese,Bhavani Service Road; Nr IIT Main Gate,400,Iit Main Gate,3.5,40000
130,kosten patisseries,Powai, Bakery;Desserts,UNIT 6; BHAVANI PREMISES; CO -OP SOCIETY LTD BHAWANI SERVICE INDUSTRIES IIT MARKET NR CLASSIC HOTEL; POWAI; MUMBAI; GREATER MUMBAI WARD -S GREATER MUMBAI; MAHARASHTRA - 400076,200,Bhawani Premises,4.7,20000
131,Shawarma Zone,Powai, Lebanese;Arabian;Beverages,SHOP NO 1; Ground floor; Alok Shopping; H.K road; ChaitanyaNagar; Powai; Mumbai-400076,200,Alok Shopping,3.9,20000
132,Zaffran,Ghatkopar, Indian,D/21; Kailash Vaibhav; Inside Kailash Industrial Estate; Park Site Road; Opp Kitchen Plus; Vikhroli; Mumbai; 400076,700,Powai,4.4,70000
133,Peco Peco,Powai, Chinese;Asian;Thai;Seafood;Beverages,Shop no 3 opp Mukteshwar Ashram; on Mukteshwar AshramRd ; Tirandaz; Vikhroli West; Mumbai; Maharashtra 400076,300,Tirandaz,4.4,30000
134,Chai Pe Charcha,Powai, North Indian;South Indian;Snacks,SHOP NO 05 BLUE NILE BUILDING PACIFIC  ENCLAVE NEAR HIRANADANI HOSPITAL  POWAI; Mumbai,200,Chandivali,4.3,20000
135,The Sugar Free Keto Kafe - By Artinci,Powai, Healthy Food;Snacks;Keto;Bakery;Desserts;Beverages;Ice Cream;Sweets,49AA; ground floor; kailas industrial complex;veer Savarkar Marg; park site; Vikhroli west greater mumbai. ; Godrej Colony; Greater Mumbai Ward-S; Greater Mumbai; Maharashtra - 400079,200,Vikhroli west,4.5,20000
136,The Baker's Dozen,Powai, Bakery;Desserts;Juices;Beverages;Snacks,Ground Floor Shop Situated at OPP. Tata Power ; Suryadarshan Society; TRIPLICATE FOR SUPPLIERarsha Nagar Parksite Vikhroli ( West) ; Mumbai-400079; Maharasthra,300,Powai Area,4.1,30000
137,Goa Portuguesa,Powai, Indian,C-111; FIRST FLOOR; BUILDING 1; KAILASH VAIBHAV INDUSTRIAL COMPLEX; PARK SIDE ROAD; HMPL SURYA NAGAR; VIKHROLI WEST; MUMBAI-400079,1000,Park Side Road,4.7,100000
138,69 DACKERS LANE,Powai, Bengali;Biryani,Shop no 2; Sumati Niwash; satam house; tirandaz village; opposite ; IIT; main gate; near shivsena  office; powai; mumbai; 40076,250,Satam House,4.2,25000
139,Shawarma Spot,Powai, Lebanese;American;Biryani;Beverages,SHOP NO 1; Ground floor; Alok Shopping; H.K road; ChaitanyaNagar; Powai; Mumbai-400076,200,Alok Shopping,4.1,20000
140,Hurrem's Turkish Baklava & Confectionery,Powai, Desserts;Bakery;Cafe;Turkish,Haiko Mall; Ground Floor Central Avenue; Hiranandani Gardens; Powai; Mumbai; Maharashtra - 400076,1600,Hiranandani Gardens,3.7,160000
141,Welcome Restaurant,Andheri East, Chinese;Indian;Mughlai;Tandoor,Welcome restaurant; Shop no.8; Parijat Tower; Opp Sunshrishti Complex; Saki vihar Road; Andheri east; Mumbai 72,100,Powai,3.5,10000
142,ALCAZAR,Marol Sakinaka, Pizzas;Burgers;Cafe;Pastas,GALA NO 7 JORAM CHHAYA MARKET;  KHAIRANI ROAD; SAKINAKA MUMBAI; Greater  Mumbai Ward-L; Greater Mumbai;  Maharashtra,500,Khairani Road,4.8,50000
143,Grameen Kulfi,Powai, Ice Cream;Desserts,Nic natural ice creams; Shop No. A-1/1; Sarvodaya Society; Gokhale Nagar; near Harnek Motors;opp Old BMC school. IIT Main Gate; Powai; Mumbai 400078.,120,Sarvodaya Society,4.6,12000
144,Aamra Bangali - Bengal's Kitchen,Powai, Bengali;Mughlai,Gala No. 3A; Spanley Compound; Behind Bismillah Hotel; Khairani Road Sakinaka; Andheri East.,300,Andheri East,3.9,30000
145,Sadak Chaap,Powai, North Indian;Snacks;Beverages,D/36 Kailash Complex; Park side; Surya Nagar; Powai West 400079,300,Surya Nagar,4.3,30000
146,EatFit,Powai, Healthy Food;Pizzas;North Indian;Thalis;Biryani;Chinese,"unit no. 7 ; building no.2; wing ""A"" ground floor; wooden boxes manufactures co-op. industrial complex; veer sawarkar marg; park site; vikhroli west; mumbai; maharashtra - 400079",250,Vikhroli West,4.2,25000
147,Biryani Badshah,Vikhroli West, Biryani;Hyderabadi;Andhra;South Indian;North Indian;Mughlai;Kebabs,E-48 Ground Floor Kailash Industrial Complex; Veer Savarkar Road; Park site Vikhroli Mumbai-400079,350,Vikhroli,4.2,35000
148,Roll Bites,Powai, Beverages,SHOP NO 1; Ground floor; Alok Shopping; H.K road; ChaitanyaNagar; Powai; Mumbai-400076,200,Alok Shopping,4,20000
149,Blue Tokai Coffee Roasters,Powai, Beverages,Kailash industrial complex; C/22; Ground floor; Building 2; Near Hiranandani Gardens; Vikhroli; Mumbai,500,Near Hiranandani Gardens,4.5,50000
150,Blue Tokai Coffee Roasters,Powai, Beverages,Kailash industrial complex; C/22; Ground floor; Building 2; Near Hiranandani Gardens; Vikhroli; Mumbai,500,Near Hiranandani Gardens,4.5,50000
151,B For Biryani,Powai, Biryani;North Indian;Kebabs;Chinese;Seafood;Asian;Thai;Mughlai;Indian;Desserts;Tandoor,Shop no 3 opp Mukteshwar Ashram; on Mukteshwar AshramRd ; Tirandaz; Vikhroli West; Mumbai; Maharashtra 400076,250,Tirandaz,3.8,25000
152,KERALA Pothichoru,Vikhroli West, South Indian;Indian,SHOP NO-6 TULSI KUNJ ASHRAM ROAD IIT POWAI MARKET POWAI MUMBAI; Greater Mumbai Ward-S; Greater Mumbai (Maharashtra); - 400076,400,Powai,4,40000
153,Global Foodie,Powai, Chinese;Mexican;Italian;Pan-Asian;Thai;Malaysian;Oriental;Italian-American;Pastas;Burmese,107; Jonquille; Nahar; CHANDIVALI FARM ROAD; ANDHERI EAST MUMBAI,500,Other,4.3,50000
154,KAKORI HOUSE,Marol Saki Naka , Indian,SHOP NO-1-GF-GALA NO-28 SITUATED AT BERNARD MARKET LINK RD SAKINAKA GREATER MUMBAI MAHARASHTRA-400072,400,Kurla,4.1,40000
155,Olio - The Wood Fired Pizzeria,VIKHROLI WEST MUMBAI, Pizzas;Italian,SHOP NO 1; A WING GROUND FLOOR; KAILASH INDUSTRIAL COMPLEX BUILDING NO 2; PLOT NO 1/7 TO 1/11; VEER SAVARKAR MARG; VIKHROLI WEST MUMBAI; Greater Mumbai Ward-S,300,VEER SAVARKAR MARG,5,30000
156,Fat Monk Chinese,Marol Sakinaka, Chinese;Asian;Seafood,Peninsula Grand Hotel; Opposite Sakinaka Metro Station; Andheri Airport Road; Sakinaka; Mumbai,450,Peninsula Grand Hotel,4.1,45000
157,Diva Maharashtracha,Ghatkopar Vikhroli, Indian,C-111; FIRST FLOOR; BUILDING 1; KAILASH VAIBHAV INDUSTRIAL COMPLEX; PARK SIDE ROAD; HMPL SURYA NAGAR; VIKHROLI WEST; MUMBAI-400079,1000,Powai,4.5,100000
158,Chopssticks,Vikhroli West, Indian;Chinese,G-61; Kailash Industrial Complex G Wing; Veer Savarkar Marg  Hiranandani Link Rd; behind Hiranandani Gardens; Vikhroli West; Mumbai; Maharashtra 400079; India,600,Powai,4,60000
159,The Northern Vibe (TNV Momos),Powai, North Indian;Indian;Punjabi;Kebabs;Tandoor;Home Food;Biryani;Chinese;Tibetan;Asian;Mughlai,Shop No. 3; Pammi Niwas; IIT Market; Powai; Mumbai - 400074 Landmark: Near Powai Hospital,400,Landmark: Near Powai Hospital,3.9,40000
160,The Dessert Heaven - Pure Veg,Powai, Desserts;Bakery,Unit No 007 Kailash Industrial Estate A Wing Bldg No 2 Park Site Near Veer Savarkar Marg Vikhroli West; Greater Mumbai Ward-N; Greater Mumbai; Maharashtra; 400079,200,Near Veer Savarkar Marg,4,20000
161,The Poke Co,Powai, Asian;Japanese;Korean,Unit no c111 and c112 first floor of bldg no 1; kailash industrial complex; park side road; hmpl surya nagar; vikhroli west; mumbai - 400079,800,Surya Nagar,4.5,80000
162,Greenz,Powai, Italian;Salads;Beverages;Continental;Indian;Healthy Food,Greenz;Shop no.8 ;Chaitanya Nagar; Opp.Shivranjini apt. Near Balaji stationery ;iit Market ; Powai;Mumbai-400076,500,Srinath Nagar,3.8,50000
163,HRX by EatFit,Powai, Healthy Food;Salads;Keto,"unit no. 7 ; building no.2; wing ""A"" ground floor; wooden boxes manufactures co-op. industrial complex; veer sawarkar marg; park site; vikhroli west; mumbai; maharashtra - 400079",250,Vikhroli West,4.6,25000
164,The Dough Therapy,Vikhroli, Pizzas;Italian,Insta Hospitality; The Dough Therapy;  38 Kailash Industrial Estate; D - Wing; Parkside; Vikhroli West; Vikhroli Gaon; Greater Mumbai Ward - N; Greater Mumbai; Maharashtra- 400086,800,Powai,4.3,80000
165,Sunny Restaurant And Bar,Powai, Indian;Chinese;Tandoor,Near Pariwar Shopping Centre;IIT Main gate;A S MARG;Powai Mumbai; District - Greater Mumbai; STATE - Maharashtra,300,A S Marg,4.4,30000
166,Sweet N Savoury Shack,Adi Sankaracharya Marg, Mexican;Salads;Desserts,B/106; MARUTI DARSHAN CHS;; ADI SANKARACHARYA MARG;; POWAI;; Greater Mumbai Ward-S; Greater Mumbai (Maharashtra); - 400076,500,Powai,4.4,50000
167,Dhekurr,Powai, Bengali;Mughlai;Indian,Gala No. 3A; Stanny compound; near SJ Studios; Kherani Road; Sakinaka; Andheri East; Mumbai,300,Near Sj Studios,3.4,30000
168,JJ. Waffle,Powai, Desserts;Bakery;Beverages,Room No 9 & 10; Chawl No J.M.N. DSOUZA Compound;Khairani Road;Near Ramleela Maidan;SakinakaMumbai; Maharashtra; India,250,sakinaka,3.8,25000
169,Babu Moshai - The Bong Foodie,Powai, Bengali;Kebabs;Mughlai;Biryani;North Indian;Beverages;Indian,Gala No. 3A; Stanny compound; near SJ Studios; Kherani Road; Sakinaka; Andheri East; Mumbai,300,Near Sj Studios,3.3,30000
170,Tandoori Cha Cha!,Powai, Kebabs;Tandoor;North Indian;Indian;Punjabi;Home Food;Tibetan;Mughlai,Shop No. 3; Pammi Niwas; IIT Market; Powai; Mumbai - 400074 Landmark: Near Powai Hospital,200,Near Powai Hospital,3,20000
171,Bowls & Salads By Greenz,Chaitanya Nagar, Continental;Salads,Greenz;Shop no.8 ;Chaitanya Nagar; Opp.Shivranjini apt. Near Balaji stationery ;iit Market ; Powai;Mumbai-400076,350,Powai,4.2,35000
172,SLAY Coffee,Vikhroli West, Beverages;Desserts,D-27 ; Kailash vaibhav complex ; Veer Sawarkar Marg ; Vikhroli west ; Mumbai - 400079,200,Veer Sawarkar Marg,4.1,20000
173,Ciro's Pizzeria,Ciro's Pizzeria, Italian;Pastas;Pizzas;Continental,Kitchen plus; C wing 111/112; First floor; Kailash Vaibhav industrial complex; Parkside; HMPL surya Nagar; Vikroli west; Mumbai ; Maharashtra 400079,600,Vikhroli West,4.4,60000
174,Puran poli kitchen,Powai, Indian;Chinese;Combo;Thalis, 33-10; B-2/A201; Chandivali Farm Road; Yashodharman CHS Society; Sangharsh Nagar; Chandivali; Mumbai400072 Opposite Samrat gym,150,Chandivali Farm Road,4.4,15000
175,YouMee,Powai Area, Japanese;Asian,Mehra Centre; Plot No 5; Marwah Estate Kishanlal Marwah Marg Sakinaka;Opposite Tata Power Gate No 4; Andheri -400072 Mahrashtra,600,Powai Area,4.5,60000
176,B Burger,Powai, American;Snacks;Beverages,SHOP NO-43;E WING;KAILASH INDUSTRIAL ESTATE;OFF LBS MARG;VIKROLI WEST; Kannamwar Nagar; Greater Mumbai Ward-S; Greater Mumbai; Maharashtra - 400086,500,Kailash Industrial Estate,4.5,50000
177,KAKE DA HOTEL,Vikhroli West, Indian,G-59; KAILASH INDUSTRIAL COMPLEX; NEXT TO KAILASH BUSINESS PARK; VIKHROLI WEST; MUMBAI - 400079 ; Greater Mumbai Ward-S; Greater Mumbai(Maharashtra) -400079,600,Powai,3.7,60000
178,Kian Biryani,Powai, Biryani,C-29; Kailas industrial complex; Park Site Rd; HMPL Surya Nagar; Vikhroli West; Mumbai; Maharashtra 400079; India,475,Surya Nagar,4.6,47500
179,PUNJABI BAGH - FUSIONTADKA,Vikhroli West, North Indian;Pizzas;Biryani,D-37; KAILASH INDUSTRIAL COMPLEX; PARKSITE; VIKHROLI WEST; MUMBAI 400-079),400,Powai,4.1,40000
180,The Butter Kitchen by No 101 - Powai,Powai, Indian;North Indian;Tandoor;Biryani;Chinese,C 33 kailash industrial complex; park side; behind tambbi hotel HMPl surya nagar; vikhroli Mumbai 400072,1000,Surya Nagar,4.1,100000
181,The Biryani Plus,Powai, Italian;Salads;Biryani,Shop no.8; Chaitanya Nagar; Opp. Shivaranjani appartment; Behind Balaji stationary; IIT market; Powai; Mumbai Pin-400076.,400,IIT Market,4.5,40000
182,Wild Wild West,Powai, Italian;Snacks;Fast Food;North Indian;Salads,AT RES ;HK ROAD;IIT POWAI;BEHIND PUNDLIK VILLA;VIKHROLI WEST;MUMBAI; Powai Lake; Greater Mumbai Ward-S; Greater Mumbai; Maharashtra; 400076,500,Behind Pundlik Villa,4.3,50000
183,Artinci - Indulge Guilt Free!,Vikhroli West, Healthy Food;Keto;Desserts;Ice Cream;Snacks;Bakery;Beverages;Sweets,49AA; ground floor; kailas industrial complex;veer Savarkar Marg; park site; Vikhroli west greater mumbai. ; Godrej Colony; Greater Mumbai Ward-S; Greater Mumbai; Maharashtra - 400079,200,Vikhroli west,3.6,20000
184,Kofuku,Powai, Japanese;Asian,3-floor ;kofuku ;Kailas Banquet Hall; Kailas Industrial Estate; HMPL Surya Nagar; Vikhroli West; Near Vikhroli; Mumbai-400076,2200,Powai Area,4.7,220000
185,Bro's and Ro's,Powai, Continental;Italian,Kailash Vaibhav C Wing; HMPL Surya Nagar; Vikhroli West; Mumbai; Maharashtra 400076; India,1000,Vikhroli West,5,100000
186,Pasta Love By Happy Now,Powai, Snacks;Italian,AA57; BUILDING NO 1; GROUND FLOOR; Kailash Industrial Complex ; Kailash Vaibhav B Wing; VEER SAVARKAR ROAD ;Hiranandani Link Rd; HMPL Surya Nagar; PARKSITE ;Vikhroli West; Mumbai; Maharashtra 400079;,300,Hmpl Surya Nagar,4.8,30000
187,King of Paratha,Powai, Indian,1st Floor; Above Yusuf Electronic repair and work next to lucky toys shop opp bhaji market; Chitnaya Nagar; Durga Devi Road; IIT Powai; 400076,200,Opp Bhaji Market,4.3,20000
188,Big Burger Buns,Powai, American;Beverages,49AA Kailas Vaibhav Complex; Park Site; Vikhroli West; Mumbai,500,Vikhroli West,4.3,50000
189,Komakai,Vikhroli West, Asian;Japanese;Sushi,Komakai 49AA Kailas Vaibhav Complex Veer Savarkar Marg Vikhroli,1000,Powai,3.3,100000
190,abCoffee,Powai, Beverages;Bakery,Shop No.3; Hawai CHS; G.L Compound; Near; Hiranandani Hospital Rd; Powai; Mumbai; Maharashtra 400076,200,Hiranandani Hospital Rd,4.9,20000
191,Soy and Chilli,Vikhroli West, Chinese;Asian;Japanese;Sushi;Thai,49AA; Ground Floor; Kailas Industrial Complex; Veer Savarkar Marg; Park Site; Vikhroli West Greater Mumbai,550,Powai,4.1,55000
192,Smokin' Joe's,Powai, Pizzas;Italian,Smokin' Joes; Shop No: 2; Tulsi Kunj; opp IIT main gate; next to Vianelli wine shop; Powai; Mumbai 400076,450,Near Food Studio,3,45000
193,Smokin' Joe's,Powai, Pizzas;Italian,Smokin' Joes; Shop No: 2; Tulsi Kunj; opp IIT main gate; next to Vianelli wine shop; Powai; Mumbai 400076,450,Near Food Studio,3,45000
194,Shakes N More,Powai, Beverages;Desserts,shop no.8;behind Balaji Stationery;opposit shivranjini apartment; Gautam Nagar; Ambedkar Nagar; IIT Market; Powai; Mumbai; Maharashtra 400076; India,250,Opposit Shivranjini Apartment,4,25000
195,5 Spice,Marol Sakinaka, Chinese;Desserts,Andheri Kurla Road; Saki Naka Junction; Andheri East; Mumbai - 400072,1100,Powai Area,4.1,110000
196,Shanghai Kitchen,Powai, Chinese;Asian;Thai;Seafood;Beverages,Shop no 3 opp Mukteshwar Ashram; on Mukteshwar AshramRd ; Tirandaz; Vikhroli West; Mumbai; Maharashtra 400076,300,Tirandaz,4.5,30000
197,Pa Pa Ya,bandra kurla complex, Japanese;Asian,UNIT NOS. C- 111 & C-112; FIRST FLOOR OF BLDG NO.1; KAILASH INDUSTRIAL COMPLEX PARK SIDE ROAD ; HMPL SURYA NAGAR; VIKROLI WEST;Greater Mumbai Ward-N; Greater Mumbai; Maharashtra; 400079,800,Vikroli West,4.1,80000
198,Foody Naka,Marol Sakinaka, North Indian;Biryani,Room No 01 Vithal Kunj Chawl No 03 Shri Jaganath Mandir Road Behind Holiday Inn Hotel Kurla West Mumbai 400072; Kanjurgaon; Greater Mumbai Ward-S; Greater Mumbai; Maharashtra - 400072,250,Andheri East,4,25000
199,ITC Fabelle Chocolates,Powai, Bakery;Desserts,A Wing Bldg 2 Park Site Near Veer Savarkar Marg Vikhroli; West; Powai; Mumbai; Maharashtra 400079,600,Vikhroli,4.6,60000
200,Hot Plate- EXPRESS KITCHEN,Vikhroli West, North Indian;Biryani;Ice Cream,D-37; KAILASH INDUSTRIAL COMPLEX; PARKSITE; VIKHROLI WEST; MUMBAI 400-079),300,Powai,3.7,30000
201,Sigdi Grills,Powai, North Indian;Biryani,Shop No. D-44; Kailash Industrial Complex; Veer Savarkar Road; Parksite; Vikhroli West; Ghatkopar; Greater Mumbai Ward-N; Greater Mumbai; ; Maharashtra; 400079,400,Veer Savarkar Road,3.5,40000
202,Green Cravings,Powai, Healthy Food;Continental;Keto;Indian;Salads,G/143; Kailash Vaibhav ;1st floor  HMPL Surya Nagar; near IFB Industries Vikhroli West; Mumbai; Maharashtra 400079,250,Vikhroli West,3.9,25000
203,Mehfil Biryani by Zakir Khan,Powai, Biryani;Mughlai;Lucknowi;Hyderabadi;Kebabs;North Indian;Desserts;Beverages,B-16; KAILAS INDL. COMPLEX; VEER SAVARKAR ROAD; POWAI VIKHROLI ROAD; VIKHROLI WEST; MUMBAI - 400079; Greater Mumbai Ward-S; Greater Mumbai; Maharashtra-400079,350,Veer Savarkar Road,3.1,35000
204,Cheesecakes By CakeZone,Powai, Desserts;Bakery,Unit No 007 Kailash Industrial Estate A Wing Bldg No 2 Park Site Near Veer Savarkar Marg Vikhroli West; Greater Mumbai Ward-N; Greater Mumbai; Maharashtra; 400079,200,Ghatkopar Vikhroli,4.8,20000
205,BODYPOWER CAFE,Powai, Cafe;Healthy Food;Indian;Snacks;Desserts;South Indian;Salads,Room No. 2/A; First Floor; Ekta Nagar; IIT Market Signal; Opp. IIT Post Office; Powai; Mumbai - 400076; Powai Lake; Greater Mumbai Ward-S; Greater Mumbai; Maharashtra - 400076,450,Jyotiba Phule Nagar,4.7,45000
206,Shokoufeh,Powai, Chinese,Kailash Industrial Complex; C-29; Park Site Rd; Vikhroli (W; HMPL Surya Nagar; Vikhroli West; Mumbai; Maharashtra 400079; India,320,Vikhroli,4.1,32000
207,Crusto's - Cheese Burst Pizza,VIKHROLI WEST MUMBAI, Pizzas;Italian,SHOP NO 1; A WING GROUND FLOOR; KAILASH INDUSTRIAL COMPLEX BUILDING NO 2; PLOT NO 1/7 TO 1/11; VEER SAVARKAR MARG; VIKHROLI WEST MUMBAI; Greater Mumbai Ward-S,300,VEER SAVARKAR MARG,5,30000
208,Frozen Bottle Cafe & Patisserie,Powai, Desserts;Pizzas;Bakery,Unit No. 007; Kailash Ind. Estate; A - Wing;Bldg No. 2; Parksite Ner Veer SavarkarMarg; Vikhroli (W); Hanuman Nagar;Greater Mumbai Ward-S; Greater Mumbai;Maharashtra - 400079,500,Powai,5,50000
209,Cafe Relish,Vikhroli West, Continental;Italian;American;Salads,C 33 KAILASH INDUSTRIAL COMPLEX. BEHIND TAMBI HOTEL,350,Powai,4.2,35000
210,Nomad Pizza- Traveller Series,Powai, Italian,Shop No. 1; A Wing; Ground Floor; Kailas Industrial Complex; Building No. 2; Veer Savarkar Marg; Park Site; Vikhroli West; Mumbai - 400079; Greater Mumbai Ward-N; Greater Mumbai; Maharashtra; 400079,850,Veer Savarkar Marg,4.6,85000
211,GAONGAJALI,Andheri East, Malwani;Seafood;Thalis;Indian,Corporate point Airport comissioner office Building SN.3 off MV RD Makwana Road.AK road Andheri East near SM Center ; Maroshi Gaon; Greater Mumbai Ward-K/E; Greater Mumbai; Maharashtra; 40005,200,Jb Nagar,4.1,20000
212,OC'S Pizza,Marol Sakinaka, Pizzas,Shop G/2; Corporate point; Makwana Road; Near Bharat Petrol Pump; Andheri East; Marol; Mumbai 400059,450,Makwana Road,4.8,45000
213,Mahesh Lunch Home,Marol Sakinaka, Indian,Andheri Kurla Road;; Andheri East; Sakinaka; Mumbai,900,Sakinaka,4.1,90000
214,Velvet in Red Cakes,Marol Sakinaka, Bakery,Shop G/2; Corporate point; Makwana Road; Near Bharat Petrol Pump; Andheri East; Marol; Mumbai 400059,450,Makwana Road,4.7,45000
215,Shree Cakes & Pastries,Marol Sakinaka, Bakery,Shop G/2; Corporate point; Makwana Road; Near Bharat Petrol Pump; Andheri East; Marol; Mumbai 400059,450,Makwana Road,5,45000
216,Mahesh Lunch Home,Marol Sakinaka, Indian,Andheri Kurla Road;; Andheri East; Sakinaka; Mumbai,900,Sakinaka,4.1,90000
217,Velvet in Red Cakes,Marol Sakinaka, Bakery,Shop G/2; Corporate point; Makwana Road; Near Bharat Petrol Pump; Andheri East; Marol; Mumbai 400059,450,Makwana Road,4.7,45000
218,Shree Cakes & Pastries,Marol Sakinaka, Bakery,Shop G/2; Corporate point; Makwana Road; Near Bharat Petrol Pump; Andheri East; Marol; Mumbai 400059,450,Makwana Road,5,45000
219,The Appetite Momos,Bhandup West, Tibetan;Snacks;Fast Food,Gala 5 A. Saragogi Estate Opp; Kanjurmarg railway station; Kanjurmarg West; Mumbai,200,Powai,4.1,20000
220,Nino Burgers,Marol Sakinaka, Burgers;Fast Food;American,Next to restaurant 'The Chums' - GALA NO.7;GROUND FLOOR;SALIM ESTATE;MAROL CO-OP IND EST ROAD;OPP SEVEN KANAKIYA;SAGBAUG;ANDHERIKURLA ROAD ANDHERI (EAST),600,Salim Estate,4.2,60000
221,ZAIKA RESTAURANT,Marol Sakinaka, North Indian;Indian;Chinese,Shop No 5; Star Plus Station; Andheri - Kurla Rd; Chimatpada; Marol; Andheri East; Mumbai; Maharashtra 400059,250,Chimatpada,4,25000
222,NAGAURI TEA & SNACKS CORNER,Raje Shivaji Nagar Marol, Snacks;Beverages,Ashok Nagar; Raje Shivaji Nagar; Marol; Andheri East; Mumbai; Maharashtra 400059; India,100,Marol Sakinaka,4.3,10000
223,Pop Tate's,Vikhroli West, Continental;Italian;European;Mexican,C/13; Mayfair Greens CHS; Godrej Hiranadani Link Road; Vikhroli West; Vikhroli; Mumbai,1600,Ghatkopar,4.3,160000
224,Rishija's Kitchen ( Healthy & Homestyle ),Andheri West, Indian;Biryani;Thalis;Healthy Food,004;1ST FLOOR; MEHTA HOUSE; BEHIND D.GAYURVEDIC;OPPOSITE RAM MANDIR;METRO PILLER NO 126;J.P ROAD; ANDHERI WEST,150,VP Road,4,15000
225,Sri Krishna Sweets,Chembur, Sweets,1 A / 1 B  83 KASI NIKETAN GOVANDI ROAD; N.G. ACHARYA MARG; CHEMBUR  MUMBAI  71,200,KASI NIKETAN GOVANDI ROAD,4.6,20000
226,Udaya Family Restaurant,Chembur, North Indian;Chinese;Kerala;Seafood,Shrama Safalya Building; Near Railway Station; Chembur East; Chembur; Mumbai,500,Near Railway Station,4.2,50000
227,KERALA BAZAAR ONLINE,Chembur, South Indian;Snacks,Shop No 3; Building No 33; New Sarvodaya Estate colony building Near Postal Colony Road next to Jai Kisan Mandi vegetable market Chembur; Postal Colony; Chembur; Mumbai; Maharashtra 400071; India,200,Postal Colony Road,4.6,20000
228,Mumbai Zaika,Chembur, Chinese;North Indian;Tandoor;Biryani;Beverages;Desserts,Janata timber mart;shivaji nagar signal;plot nmbr 43; Govandi Slums; ACC Nagar; Govandi East; Mumbai; Maharashtra 400043; India,500,Janata Timber Mart,4,50000
229,Via Bombay (Jewel of Chembur),Chembur, Indian;Asian;Oriental;Tandoor;Biryani;Desserts,Hotel Jewel Of Chembur; 1st Road; Near Natraj Cinema; Chembur East; Chembur; Mumbai,1000,Near Natraj Cinema,4.3,100000
230,KERALA BAZAAR ONLINE,Chembur, South Indian;Snacks,Shop No 3; Building No 33; New Sarvodaya Estate colony building Near Postal Colony Road next to Jai Kisan Mandi vegetable market Chembur; Postal Colony; Chembur; Mumbai; Maharashtra 400071; India,200,Postal Colony Road,4.6,20000
231,Mumbai Zaika,Chembur, Chinese;North Indian;Tandoor;Biryani;Beverages;Desserts,Janata timber mart;shivaji nagar signal;plot nmbr 43; Govandi Slums; ACC Nagar; Govandi East; Mumbai; Maharashtra 400043; India,500,Janata Timber Mart,4,50000
232,Via Bombay (Jewel of Chembur),Chembur, Indian;Asian;Oriental;Tandoor;Biryani;Desserts,Hotel Jewel Of Chembur; 1st Road; Near Natraj Cinema; Chembur East; Chembur; Mumbai,1000,Near Natraj Cinema,4.3,100000
233,Vaishali Garden Restaurant,Chembur, South Indian;Indian;North Indian;Chinese;Biryani;Tandoor,Navketan Building; Railway Station; 1 Floor; Narayan Gajanan Acharya Marg; opp. Chembur; Chembur Gaothan; Chembur; Maharashtra 400071; India,600,Narayan Gajanan Acharya Marg,4.4,60000
234,Juice Mantra Fresh Fruit Center,Chembur, Fast Food;Juices,63/A; Janta Market; Chembur Station Road; Chembur; Mumbai,300,Janta Market,4.2,30000
235,CAFE JANTAA,Chembur, North Indian;Chinese;Snacks;Biryani,STAR RESTAURANT SHOP NO 3 Janta Timber Market; Govandi Slums; ACC Nagar; Chedda Nagar; Mumbai; Maharashtra 400043; India,300,Chedda Nagar,2.3,30000
236,Blend N Brew,Chembur, Indian;Chinese;North Indian;Tandoor;Biryani;Kebabs;Punjabi,Hotel Plaza; 70; Central Avenue Road; Chembur East; Chembur; Mumbai,500,Central Avenue Road,4.1,50000
